ID,Lithology
1,Basin Fill
2,Granitiod
3,Granitiod
4,Granitiod
5,Granitiod
6,Granitiod
7,Granitiod
8,Granitiod
9,Granitiod
10,Granitiod
11,Granitiod
12,Granitiod
13,Granitiod
14,Granitiod
15,Granitiod
16,Basin Fill
17,Granitiod
18,Granitiod
19,Granitiod
20,Granitiod
21,Granitiod
22,Granitiod
23,Granitiod
24,Granitiod
25,Granitiod
26,Granitiod
27,Granitiod
28,Basin Fill
29,Granitiod
30,Granitiod
31,Granitiod
32,Basin Fill
33,Granitiod
34,Basin Fill
35,Granitiod
36,Granitiod
37,Granitiod
38,Granitiod
39,Basin Fill
40,Basin Fill
41,Granitiod
42,Granitiod
43,Granitiod
44,Granitiod
45,Basin Fill
46,Granitiod
47,Granitiod
48,Granitiod
49,Granitiod
50,Granitiod
51,Granitiod
52,Granitiod
53,Granitiod
54,Granitiod
55,Granitiod
56,Granitiod
57,Granitiod
58,Basin Fill
59,Granitiod
60,Granitiod
61,Granitiod
62,Granitiod
63,Granitiod
64,Granitiod
65,Basin Fill
66,Granitiod
67,Granitiod
68,Granitiod
69,Granitiod
70,Granitiod
71,Granitiod
72,Granitiod
73,Granitiod
74,Granitiod
75,Granitiod
76,Granitiod
77,Granitiod
78,Granitiod
79,Granitiod
80,Basin Fill
81,Granitiod
82,Granitiod
83,Granitiod
84,Granitiod
85,Granitiod
86,Granitiod
87,Granitiod
88,Granitiod
89,Granitiod
90,Granitiod
91,Basin Fill
92,Granitiod
93,Granitiod
94,Basin Fill
95,Granitiod
96,Granitiod
97,Granitiod
98,Basin Fill
99,Granitiod
100,Granitiod
101,Granitiod
102,Granitiod
103,Granitiod
104,Basin Fill
105,Granitiod
106,Granitiod
107,Granitiod
108,Granitiod
109,Granitiod
110,Granitiod
111,Granitiod
112,Granitiod
113,Granitiod
114,Granitiod
115,Granitiod
116,Granitiod
117,Granitiod
118,Granitiod
119,Granitiod
120,Granitiod
121,Granitiod
122,Granitiod
123,Granitiod
124,Granitiod
125,Granitiod
126,Granitiod
127,Granitiod
128,Granitiod
129,Granitiod
130,Granitiod
131,Granitiod
132,Granitiod
133,Granitiod
134,Granitiod
135,Basin Fill
136,Granitiod
137,Basin Fill
138,Granitiod
139,Basin Fill
140,Granitiod
141,Granitiod
142,Granitiod
143,Granitiod
144,Granitiod
145,Granitiod
146,Granitiod
147,Granitiod
148,Granitiod
149,Granitiod
150,Basin Fill
151,Basin Fill
152,Granitiod
153,Granitiod
154,Granitiod
155,Granitiod
156,Granitiod
157,Granitiod
158,Granitiod
159,Granitiod
160,Granitiod
161,Basin Fill
162,Granitiod
163,Granitiod
164,Granitiod
165,Granitiod
166,Granitiod
167,Granitiod
168,Granitiod
169,Granitiod
170,Granitiod
171,Granitiod
172,Granitiod
173,Granitiod
174,Granitiod
175,Granitiod
176,Basin Fill
177,Granitiod
178,Granitiod
179,Basin Fill
180,Granitiod
181,Basin Fill
182,Granitiod
183,Basin Fill
184,Granitiod
185,Granitiod
186,Granitiod
187,Basin Fill
188,Granitiod
189,Granitiod
190,Granitiod
191,Granitiod
192,Granitiod
193,Granitiod
194,Granitiod
195,Granitiod
196,Granitiod
197,Basin Fill
198,Granitiod
199,Granitiod
200,Granitiod
201,Granitiod
202,Granitiod
203,Basin Fill
204,Granitiod
205,Granitiod
206,Granitiod
207,Granitiod
208,Granitiod
209,Granitiod
210,Granitiod
211,Granitiod
212,Granitiod
213,Granitiod
214,Granitiod
215,Granitiod
216,Granitiod
217,Granitiod
218,Granitiod
219,Basin Fill
220,Granitiod
221,Granitiod
222,Granitiod
223,Granitiod
224,Granitiod
225,Basin Fill
226,Granitiod
227,Granitiod
228,Granitiod
229,Granitiod
230,Granitiod
231,Granitiod
232,Granitiod
233,Granitiod
234,Basin Fill
235,Granitiod
236,Granitiod
237,Granitiod
238,Granitiod
239,Granitiod
240,Granitiod
241,Granitiod
242,Granitiod
243,Granitiod
244,Granitiod
245,Granitiod
246,Granitiod
247,Basin Fill
248,Granitiod
249,Basin Fill
250,Granitiod
251,Basin Fill
252,Granitiod
253,Granitiod
254,Granitiod
255,Granitiod
256,Granitiod
257,Granitiod
258,Granitiod
259,Granitiod
260,Granitiod
261,Basin Fill
262,Granitiod
263,Granitiod
264,Granitiod
265,Granitiod
266,Granitiod
267,Granitiod
268,Basin Fill
269,Granitiod
270,Basin Fill
271,Granitiod
272,Granitiod
273,Granitiod
274,Granitiod
275,Granitiod
276,Granitiod
277,Granitiod
278,Granitiod
279,Granitiod
280,Granitiod
281,Granitiod
282,Granitiod
283,Granitiod
284,Granitiod
285,Granitiod
286,Basin Fill
287,Granitiod
288,Granitiod
289,Granitiod
290,Granitiod
291,Granitiod
292,Granitiod
293,Granitiod
294,Granitiod
295,Granitiod
296,Granitiod
297,Granitiod
298,Granitiod
299,Granitiod
300,Basin Fill
301,Granitiod
302,Granitiod
303,Granitiod
304,Granitiod
305,Granitiod
306,Granitiod
307,Granitiod
308,Granitiod
309,Basin Fill
310,Granitiod
311,Granitiod
312,Granitiod
313,Granitiod
314,Granitiod
315,Granitiod
316,Granitiod
317,Basin Fill
318,Granitiod
319,Granitiod
320,Granitiod
321,Granitiod
322,Granitiod
323,Granitiod
324,Granitiod
325,Granitiod
326,Granitiod
327,Granitiod
328,Granitiod
329,Granitiod
330,Granitiod
331,Granitiod
332,Basin Fill
333,Granitiod
334,Granitiod
335,Basin Fill
336,Granitiod
337,Granitiod
338,Granitiod
339,Granitiod
340,Granitiod
341,Granitiod
342,Granitiod
343,Granitiod
344,Granitiod
345,Granitiod
346,Granitiod
347,Granitiod
348,Granitiod
349,Granitiod
350,Granitiod
351,Basin Fill
352,Granitiod
353,Granitiod
354,Granitiod
355,Granitiod
356,Granitiod
357,Basin Fill
358,Granitiod
359,Granitiod
360,Granitiod
361,Granitiod
362,Granitiod
363,Granitiod
364,Granitiod
365,Granitiod
366,Granitiod
367,Granitiod
368,Granitiod
369,Granitiod
370,Granitiod
371,Granitiod
372,Granitiod
373,Granitiod
374,Granitiod
375,Basin Fill
376,Granitiod
377,Granitiod
378,Granitiod
379,Granitiod
380,Granitiod
381,Granitiod
382,Granitiod
383,Granitiod
384,Granitiod
385,Granitiod
386,Granitiod
387,Granitiod
388,Granitiod
389,Granitiod
390,Granitiod
391,Basin Fill
392,Granitiod
393,Granitiod
394,Granitiod
395,Granitiod
396,Granitiod
397,Granitiod
398,Granitiod
399,Granitiod
400,Granitiod
401,Basin Fill
402,Granitiod
403,Granitiod
404,Granitiod
405,Granitiod
406,Granitiod
407,Granitiod
408,Granitiod
409,Granitiod
410,Granitiod
411,Basin Fill
412,Granitiod
413,Granitiod
414,Granitiod
415,Granitiod
416,Granitiod
417,Granitiod
418,Granitiod
419,Granitiod
420,Granitiod
421,Basin Fill
422,Granitiod
423,Basin Fill
424,Basin Fill
425,Granitiod
426,Granitiod
427,Granitiod
428,Granitiod
429,Granitiod
430,Granitiod
431,Granitiod
432,Basin Fill
433,Granitiod
434,Granitiod
435,Granitiod
436,Basin Fill
437,Granitiod
438,Basin Fill
439,Granitiod
440,Granitiod
441,Granitiod
442,Granitiod
443,Granitiod
444,Granitiod
445,Basin Fill
446,Granitiod
447,Basin Fill
448,Granitiod
449,Granitiod
450,Granitiod
451,Granitiod
452,Granitiod
453,Granitiod
454,Basin Fill
455,Granitiod
456,Granitiod
457,Granitiod
458,Basin Fill
459,Granitiod
460,Basin Fill
461,Granitiod
462,Granitiod
463,Granitiod
464,Granitiod
465,Granitiod
466,Granitiod
467,Granitiod
468,Granitiod
469,Granitiod
470,Granitiod
471,Granitiod
472,Granitiod
473,Granitiod
474,Granitiod
475,Granitiod
476,Granitiod
477,Basin Fill
478,Granitiod
479,Granitiod
480,Basin Fill
481,Granitiod
482,Granitiod
483,Basin Fill
484,Granitiod
485,Granitiod
486,Granitiod
487,Granitiod
488,Basin Fill
489,Basin Fill
490,Granitiod
491,Granitiod
492,Granitiod
493,Granitiod
494,Granitiod
495,Granitiod
496,Granitiod
497,Granitiod
498,Basin Fill
499,Granitiod
500,Granitiod
501,Granitiod
502,Granitiod
503,Granitiod
504,Granitiod
505,Granitiod
506,Granitiod
507,Granitiod
508,Granitiod
509,Granitiod
510,Granitiod
511,Granitiod
512,Granitiod
513,Granitiod
514,Granitiod
515,Granitiod
516,Granitiod
517,Granitiod
518,Basin Fill
519,Granitiod
520,Granitiod
521,Granitiod
522,Basin Fill
523,Granitiod
524,Granitiod
525,Granitiod
526,Granitiod
527,Granitiod
528,Granitiod
529,Basin Fill
530,Granitiod
531,Granitiod
532,Granitiod
533,Granitiod
534,Granitiod
535,Granitiod
536,Granitiod
537,Granitiod
538,Granitiod
539,Basin Fill
540,Granitiod
541,Granitiod
542,Granitiod
543,Granitiod
544,Basin Fill
545,Granitiod
546,Granitiod
547,Granitiod
548,Granitiod
549,Granitiod
550,Granitiod
551,Basin Fill
552,Granitiod
553,Granitiod
554,Basin Fill
555,Granitiod
556,Basin Fill
557,Granitiod
558,Granitiod
559,Granitiod
560,Granitiod
561,Granitiod
562,Granitiod
563,Basin Fill
564,Granitiod
565,Granitiod
566,Granitiod
567,Granitiod
568,Granitiod
569,Granitiod
570,Granitiod
571,Basin Fill
572,Granitiod
573,Granitiod
574,Granitiod
575,Granitiod
576,Basin Fill
577,Basin Fill
578,Granitiod
579,Basin Fill
580,Granitiod
581,Granitiod
582,Granitiod
583,Granitiod
584,Granitiod
585,Granitiod
586,Granitiod
587,Granitiod
588,Granitiod
589,Granitiod
590,Granitiod
591,Granitiod
592,Granitiod
593,Granitiod
594,Basin Fill
595,Granitiod
596,Granitiod
597,Granitiod
598,Granitiod
599,Granitiod
600,Granitiod
601,Granitiod
602,Granitiod
603,Basin Fill
604,Granitiod
605,Granitiod
606,Granitiod
607,Granitiod
608,Granitiod
609,Granitiod
610,Granitiod
611,Granitiod
612,Granitiod
613,Granitiod
614,Granitiod
615,Granitiod
616,Granitiod
617,Granitiod
618,Granitiod
619,Granitiod
620,Granitiod
621,Granitiod
622,Granitiod
623,Granitiod
624,Granitiod
625,Granitiod
626,Granitiod
627,Granitiod
628,Granitiod
629,Granitiod
630,Basin Fill
631,Granitiod
632,Basin Fill
633,Granitiod
634,Granitiod
635,Granitiod
636,Granitiod
637,Granitiod
638,Granitiod
639,Granitiod
640,Granitiod
641,Granitiod
642,Granitiod
643,Granitiod
644,Granitiod
645,Granitiod
646,Granitiod
647,Granitiod
648,Granitiod
649,Granitiod
650,Granitiod
651,Granitiod
652,Granitiod
653,Granitiod
654,Granitiod
655,Granitiod
656,Granitiod
657,Granitiod
658,Basin Fill
659,Basin Fill
660,Granitiod
661,Granitiod
662,Granitiod
663,Basin Fill
664,Granitiod
665,Granitiod
666,Granitiod
667,Granitiod
668,Granitiod
669,Basin Fill
670,Granitiod
671,Granitiod
672,Granitiod
673,Granitiod
674,Granitiod
675,Granitiod
676,Granitiod
677,Granitiod
678,Granitiod
679,Granitiod
680,Basin Fill
681,Granitiod
682,Granitiod
683,Granitiod
684,Granitiod
685,Granitiod
686,Granitiod
687,Granitiod
688,Basin Fill
689,Granitiod
690,Granitiod
691,Granitiod
692,Basin Fill
693,Granitiod
694,Granitiod
695,Granitiod
696,Granitiod
697,Granitiod
698,Granitiod
699,Granitiod
700,Granitiod
701,Granitiod
702,Granitiod
703,Granitiod
704,Granitiod
705,Granitiod
706,Granitiod
707,Granitiod
708,Granitiod
709,Granitiod
710,Granitiod
711,Granitiod
712,Granitiod
713,Granitiod
714,Granitiod
715,Granitiod
716,Granitiod
717,Granitiod
718,Basin Fill
719,Granitiod
720,Granitiod
721,Granitiod
722,Granitiod
723,Granitiod
724,Granitiod
725,Basin Fill
726,Granitiod
727,Granitiod
728,Basin Fill
729,Granitiod
730,Granitiod
731,Granitiod
732,Granitiod
733,Granitiod
734,Granitiod
735,Granitiod
736,Granitiod
737,Granitiod
738,Granitiod
739,Granitiod
740,Granitiod
741,Granitiod
742,Granitiod
743,Granitiod
744,Granitiod
745,Granitiod
746,Granitiod
747,Granitiod
748,Granitiod
749,Granitiod
750,Granitiod
751,Granitiod
752,Granitiod
753,Granitiod
754,Granitiod
755,Granitiod
756,Granitiod
757,Granitiod
758,Granitiod
759,Granitiod
760,Granitiod
761,Granitiod
762,Granitiod
763,Granitiod
764,Granitiod
765,Granitiod
766,Granitiod
767,Granitiod
768,Granitiod
769,Granitiod
770,Granitiod
771,Granitiod
772,Granitiod
773,Granitiod
774,Granitiod
775,Granitiod
776,Granitiod
777,Granitiod
778,Granitiod
779,Granitiod
780,Granitiod
781,Granitiod
782,Granitiod
783,Granitiod
784,Granitiod
785,Granitiod
786,Basin Fill
787,Granitiod
788,Granitiod
789,Granitiod
790,Granitiod
791,Granitiod
792,Granitiod
793,Granitiod
794,Basin Fill
795,Granitiod
796,Granitiod
797,Granitiod
798,Granitiod
799,Granitiod
800,Granitiod
801,Basin Fill
802,Granitiod
803,Granitiod
804,Granitiod
805,Granitiod
806,Granitiod
807,Basin Fill
808,Granitiod
809,Granitiod
810,Granitiod
811,Granitiod
812,Granitiod
813,Granitiod
814,Granitiod
815,Granitiod
816,Granitiod
817,Granitiod
818,Granitiod
819,Granitiod
820,Granitiod
821,Granitiod
822,Granitiod
823,Granitiod
824,Granitiod
825,Basin Fill
826,Granitiod
827,Granitiod
828,Granitiod
829,Granitiod
830,Granitiod
831,Granitiod
832,Basin Fill
833,Granitiod
834,Granitiod
835,Granitiod
836,Basin Fill
837,Granitiod
838,Granitiod
839,Basin Fill
840,Granitiod
841,Granitiod
842,Granitiod
843,Basin Fill
844,Granitiod
845,Granitiod
846,Granitiod
847,Granitiod
848,Granitiod
849,Granitiod
850,Granitiod
851,Granitiod
852,Granitiod
853,Granitiod
854,Granitiod
855,Granitiod
856,Granitiod
857,Granitiod
858,Granitiod
859,Basin Fill
860,Granitiod
861,Basin Fill
862,Granitiod
863,Granitiod
864,Granitiod
865,Basin Fill
866,Granitiod
867,Granitiod
868,Granitiod
869,Granitiod
870,Granitiod
871,Granitiod
872,Granitiod
873,Granitiod
874,Granitiod
875,Granitiod
876,Granitiod
877,Granitiod
878,Basin Fill
879,Granitiod
880,Granitiod
881,Granitiod
882,Granitiod
883,Granitiod
884,Granitiod
885,Granitiod
886,Granitiod
887,Granitiod
888,Basin Fill
889,Granitiod
890,Granitiod
891,Granitiod
892,Granitiod
893,Granitiod
894,Granitiod
895,Granitiod
896,Granitiod
897,Basin Fill
898,Granitiod
899,Granitiod
900,Granitiod
901,Granitiod
902,Granitiod
903,Granitiod
904,Granitiod
905,Granitiod
906,Basin Fill
907,Granitiod
908,Granitiod
909,Granitiod
910,Basin Fill
911,Granitiod
912,Granitiod
913,Granitiod
914,Granitiod
915,Granitiod
916,Granitiod
917,Basin Fill
918,Granitiod
919,Granitiod
920,Basin Fill
921,Granitiod
922,Granitiod
923,Granitiod
924,Granitiod
925,Granitiod
926,Granitiod
927,Granitiod
928,Granitiod
929,Basin Fill
930,Basin Fill
931,Granitiod
932,Granitiod
933,Granitiod
934,Granitiod
935,Granitiod
936,Granitiod
937,Granitiod
938,Granitiod
939,Granitiod
940,Basin Fill
941,Granitiod
942,Basin Fill
943,Basin Fill
944,Basin Fill
945,Granitiod
946,Granitiod
947,Granitiod
948,Granitiod
949,Granitiod
950,Granitiod
951,Granitiod
952,Granitiod
953,Granitiod
954,Granitiod
955,Basin Fill
956,Granitiod
957,Granitiod
958,Granitiod
959,Granitiod
960,Granitiod
961,Granitiod
962,Granitiod
963,Granitiod
964,Granitiod
965,Basin Fill
966,Granitiod
967,Granitiod
968,Granitiod
969,Basin Fill
970,Granitiod
971,Basin Fill
972,Granitiod
973,Granitiod
974,Granitiod
975,Granitiod
976,Granitiod
977,Granitiod
978,Granitiod
979,Granitiod
980,Granitiod
981,Granitiod
982,Basin Fill
983,Granitiod
984,Granitiod
985,Basin Fill
986,Granitiod
987,Granitiod
988,Granitiod
989,Granitiod
990,Granitiod
991,Granitiod
992,Granitiod
993,Granitiod
994,Granitiod
995,Granitiod
996,Granitiod
997,Basin Fill
998,Granitiod
999,Granitiod
1000,Granitiod
1001,Basin Fill
1002,Granitiod
1003,Granitiod
1004,Granitiod
1005,Granitiod
1006,Granitiod
1007,Granitiod
1008,Granitiod
1009,Basin Fill
1010,Granitiod
1011,Granitiod
1012,Granitiod
1013,Granitiod
1014,Granitiod
1015,Granitiod
1016,Granitiod
1017,Granitiod
1018,Granitiod
1019,Basin Fill
1020,Granitiod
1021,Granitiod
1022,Granitiod
1023,Basin Fill
1024,Granitiod
1025,Basin Fill
1026,Granitiod
1027,Granitiod
1028,Granitiod
1029,Granitiod
1030,Granitiod
1031,Granitiod
1032,Granitiod
1033,Granitiod
1034,Granitiod
1035,Granitiod
1036,Granitiod
1037,Granitiod
1038,Granitiod
1039,Granitiod
1040,Granitiod
1041,Granitiod
1042,Granitiod
1043,Granitiod
1044,Granitiod
1045,Granitiod
1046,Granitiod
1047,Granitiod
1048,Granitiod
1049,Granitiod
1050,Granitiod
1051,Granitiod
1052,Granitiod
1053,Granitiod
1054,Granitiod
1055,Granitiod
1056,Basin Fill
1057,Granitiod
1058,Granitiod
1059,Granitiod
1060,Basin Fill
1061,Granitiod
1062,Granitiod
1063,Basin Fill
1064,Granitiod
1065,Basin Fill
1066,Granitiod
1067,Granitiod
1068,Basin Fill
1069,Granitiod
1070,Basin Fill
1071,Basin Fill
1072,Granitiod
1073,Granitiod
1074,Granitiod
1075,Granitiod
1076,Granitiod
1077,Basin Fill
1078,Granitiod
1079,Granitiod
1080,Granitiod
1081,Basin Fill
1082,Granitiod
1083,Granitiod
1084,Granitiod
1085,Granitiod
1086,Granitiod
1087,Granitiod
1088,Granitiod
1089,Granitiod
1090,Granitiod
1091,Granitiod
1092,Granitiod
1093,Granitiod
1094,Granitiod
1095,Granitiod
1096,Granitiod
1097,Granitiod
1098,Granitiod
1099,Granitiod
1100,Granitiod
1101,Granitiod
1102,Granitiod
1103,Granitiod
1104,Granitiod
1105,Granitiod
1106,Granitiod
1107,Granitiod
1108,Granitiod
1109,Granitiod
1110,Granitiod
1111,Granitiod
1112,Granitiod
1113,Granitiod
1114,Basin Fill
1115,Granitiod
1116,Basin Fill
1117,Granitiod
1118,Granitiod
1119,Granitiod
1120,Granitiod
1121,Granitiod
1122,Granitiod
1123,Granitiod
1124,Granitiod
1125,Granitiod
1126,Granitiod
1127,Granitiod
1128,Granitiod
1129,Granitiod
1130,Granitiod
1131,Granitiod
1132,Granitiod
1133,Basin Fill
1134,Granitiod
1135,Granitiod
1136,Granitiod
1137,Granitiod
1138,Granitiod
1139,Granitiod
1140,Basin Fill
1141,Granitiod
1142,Granitiod
1143,Granitiod
1144,Granitiod
1145,Granitiod
1146,Granitiod
1147,Granitiod
1148,Granitiod
1149,Granitiod
1150,Granitiod
1151,Granitiod
1152,Granitiod
1153,Granitiod
1154,Granitiod
1155,Granitiod
1156,Basin Fill
1157,Basin Fill
1158,Granitiod
1159,Granitiod
1160,Granitiod
1161,Granitiod
1162,Granitiod
1163,Granitiod
1164,Granitiod
1165,Granitiod
1166,Granitiod
1167,Granitiod
1168,Granitiod
1169,Granitiod
1170,Granitiod
1171,Granitiod
1172,Granitiod
1173,Granitiod
1174,Granitiod
1175,Basin Fill
1176,Granitiod
1177,Granitiod
1178,Granitiod
1179,Granitiod
1180,Granitiod
1181,Granitiod
1182,Granitiod
1183,Granitiod
1184,Granitiod
1185,Granitiod
1186,Granitiod
1187,Granitiod
1188,Granitiod
1189,Granitiod
1190,Granitiod
1191,Granitiod
1192,Granitiod
1193,Granitiod
1194,Basin Fill
1195,Basin Fill
1196,Granitiod
1197,Granitiod
1198,Granitiod
1199,Granitiod
1200,Granitiod
1201,Granitiod
1202,Granitiod
1203,Granitiod
1204,Granitiod
1205,Granitiod
1206,Basin Fill
1207,Basin Fill
1208,Granitiod
1209,Granitiod
1210,Granitiod
1211,Granitiod
1212,Granitiod
1213,Basin Fill
1214,Granitiod
1215,Granitiod
1216,Granitiod
1217,Granitiod
1218,Granitiod
1219,Granitiod
1220,Granitiod
1221,Granitiod
1222,Granitiod
1223,Granitiod
1224,Granitiod
1225,Granitiod
1226,Basin Fill
1227,Granitiod
1228,Granitiod
1229,Granitiod
1230,Granitiod
1231,Basin Fill
1232,Granitiod
1233,Granitiod
1234,Granitiod
1235,Granitiod
1236,Granitiod
1237,Granitiod
1238,Granitiod
1239,Granitiod
1240,Basin Fill
1241,Granitiod
1242,Granitiod
1243,Basin Fill
1244,Granitiod
1245,Granitiod
1246,Granitiod
1247,Granitiod
1248,Granitiod
1249,Granitiod
1250,Granitiod
1251,Granitiod
1252,Granitiod
1253,Granitiod
1254,Granitiod
1255,Granitiod
1256,Granitiod
1257,Granitiod
1258,Granitiod
1259,Granitiod
1260,Granitiod
1261,Granitiod
1262,Granitiod
1263,Granitiod
1264,Granitiod
1265,Basin Fill
1266,Basin Fill
1267,Granitiod
1268,Granitiod
1269,Granitiod
1270,Granitiod
1271,Granitiod
1272,Basin Fill
1273,Granitiod
1274,Granitiod
1275,Granitiod
1276,Granitiod
1277,Granitiod
1278,Granitiod
1279,Granitiod
1280,Granitiod
1281,Granitiod
1282,Granitiod
1283,Granitiod
1284,Granitiod
1285,Granitiod
1286,Granitiod
1287,Granitiod
1288,Granitiod
1289,Granitiod
1290,Basin Fill
1291,Granitiod
1292,Granitiod
1293,Basin Fill
1294,Granitiod
1295,Granitiod
1296,Granitiod
1297,Granitiod
1298,Granitiod
1299,Granitiod
1300,Granitiod
1301,Granitiod
1302,Granitiod
1303,Granitiod
1304,Basin Fill
1305,Granitiod
1306,Granitiod
1307,Granitiod
1308,Granitiod
1309,Granitiod
1310,Granitiod
1311,Granitiod
1312,Granitiod
1313,Granitiod
1314,Granitiod
1315,Granitiod
1316,Granitiod
1317,Granitiod
1318,Granitiod
1319,Granitiod
1320,Granitiod
1321,Granitiod
1322,Granitiod
1323,Basin Fill
1324,Granitiod
1325,Granitiod
1326,Granitiod
1327,Granitiod
1328,Granitiod
1329,Basin Fill
1330,Granitiod
1331,Granitiod
1332,Granitiod
1333,Granitiod
1334,Granitiod
1335,Basin Fill
1336,Granitiod
1337,Granitiod
1338,Granitiod
1339,Granitiod
1340,Granitiod
1341,Granitiod
1342,Granitiod
1343,Granitiod
1344,Granitiod
1345,Granitiod
1346,Granitiod
1347,Granitiod
1348,Granitiod
1349,Granitiod
1350,Granitiod
1351,Granitiod
1352,Granitiod
1353,Granitiod
1354,Granitiod
1355,Granitiod
1356,Granitiod
1357,Granitiod
1358,Granitiod
1359,Granitiod
1360,Granitiod
1361,Basin Fill
1362,Granitiod
1363,Granitiod
1364,Granitiod
1365,Granitiod
1366,Granitiod
1367,Granitiod
1368,Granitiod
1369,Granitiod
1370,Granitiod
1371,Granitiod
1372,Granitiod
1373,Granitiod
1374,Granitiod
1375,Granitiod
1376,Granitiod
1377,Granitiod
1378,Basin Fill
1379,Granitiod
1380,Granitiod
1381,Granitiod
1382,Granitiod
1383,Granitiod
1384,Basin Fill
1385,Granitiod
1386,Granitiod
1387,Granitiod
1388,Basin Fill
1389,Granitiod
1390,Granitiod
1391,Granitiod
1392,Granitiod
1393,Granitiod
1394,Granitiod
1395,Granitiod
1396,Granitiod
1397,Granitiod
1398,Granitiod
1399,Granitiod
1400,Basin Fill
1401,Basin Fill
1402,Granitiod
1403,Granitiod
1404,Granitiod
1405,Basin Fill
1406,Granitiod
1407,Granitiod
1408,Basin Fill
1409,Granitiod
1410,Granitiod
1411,Granitiod
1412,Granitiod
1413,Granitiod
1414,Granitiod
1415,Granitiod
1416,Granitiod
1417,Granitiod
1418,Basin Fill
1419,Basin Fill
1420,Granitiod
1421,Granitiod
1422,Granitiod
1423,Granitiod
1424,Granitiod
1425,Granitiod
1426,Granitiod
1427,Basin Fill
1428,Granitiod
1429,Granitiod
1430,Granitiod
1431,Granitiod
1432,Granitiod
1433,Granitiod
1434,Granitiod
1435,Granitiod
1436,Granitiod
1437,Granitiod
1438,Granitiod
1439,Basin Fill
1440,Granitiod
1441,Granitiod
1442,Basin Fill
1443,Granitiod
1444,Granitiod
1445,Granitiod
1446,Granitiod
1447,Granitiod
1448,Basin Fill
1449,Granitiod
1450,Basin Fill
1451,Granitiod
1452,Granitiod
1453,Granitiod
1454,Granitiod
1455,Granitiod
1456,Granitiod
1457,Granitiod
1458,Granitiod
1459,Basin Fill
1460,Granitiod
1461,Granitiod
1462,Granitiod
1463,Granitiod
1464,Granitiod
1465,Granitiod
1466,Granitiod
1467,Granitiod
1468,Basin Fill
1469,Granitiod
1470,Granitiod
1471,Granitiod
1472,Granitiod
1473,Granitiod
1474,Granitiod
1475,Granitiod
1476,Granitiod
1477,Granitiod
1478,Granitiod
1479,Granitiod
1480,Granitiod
1481,Granitiod
1482,Granitiod
1483,Granitiod
1484,Granitiod
1485,Granitiod
1486,Granitiod
1487,Granitiod
1488,Granitiod
1489,Granitiod
1490,Granitiod
1491,Granitiod
1492,Basin Fill
1493,Basin Fill
1494,Granitiod
1495,Granitiod
1496,Granitiod
1497,Granitiod
1498,Granitiod
1499,Granitiod
1500,Granitiod
1501,Granitiod
1502,Granitiod
1503,Granitiod
1504,Granitiod
1505,Granitiod
1506,Granitiod
1507,Granitiod
1508,Granitiod
1509,Granitiod
1510,Granitiod
1511,Granitiod
1512,Granitiod
1513,Granitiod
1514,Basin Fill
1515,Granitiod
1516,Basin Fill
1517,Granitiod
1518,Granitiod
1519,Granitiod
1520,Granitiod
1521,Granitiod
1522,Granitiod
1523,Granitiod
1524,Granitiod
1525,Granitiod
1526,Basin Fill
1527,Granitiod
1528,Granitiod
1529,Granitiod
1530,Granitiod
1531,Granitiod
1532,Granitiod
1533,Granitiod
1534,Granitiod
1535,Granitiod
1536,Granitiod
1537,Granitiod
1538,Granitiod
1539,Granitiod
1540,Granitiod
1541,Granitiod
1542,Granitiod
1543,Granitiod
1544,Granitiod
1545,Granitiod
1546,Basin Fill
1547,Basin Fill
1548,Granitiod
1549,Granitiod
1550,Granitiod
1551,Granitiod
1552,Granitiod
1553,Granitiod
1554,Granitiod
1555,Granitiod
1556,Basin Fill
1557,Granitiod
1558,Granitiod
1559,Granitiod
1560,Granitiod
1561,Granitiod
1562,Granitiod
1563,Granitiod
1564,Granitiod
1565,Granitiod
1566,Granitiod
1567,Granitiod
1568,Granitiod
1569,Granitiod
1570,Granitiod
1571,Granitiod
1572,Basin Fill
1573,Granitiod
1574,Basin Fill
1575,Granitiod
1576,Granitiod
1577,Granitiod
1578,Granitiod
1579,Granitiod
1580,Granitiod
1581,Basin Fill
1582,Granitiod
1583,Basin Fill
1584,Granitiod
1585,Basin Fill
1586,Granitiod
1587,Basin Fill
1588,Granitiod
1589,Basin Fill
1590,Basin Fill
1591,Granitiod
1592,Granitiod
1593,Granitiod
1594,Granitiod
1595,Granitiod
1596,Granitiod
1597,Granitiod
1598,Granitiod
1599,Granitiod
1600,Granitiod
1601,Granitiod
1602,Granitiod
1603,Granitiod
1604,Granitiod
1605,Granitiod
1606,Granitiod
1607,Granitiod
1608,Granitiod
1609,Granitiod
1610,Granitiod
1611,Granitiod
1612,Granitiod
1613,Granitiod
1614,Granitiod
1615,Granitiod
1616,Granitiod
1617,Granitiod
1618,Granitiod
1619,Granitiod
1620,Basin Fill
1621,Basin Fill
1622,Granitiod
1623,Granitiod
1624,Granitiod
1625,Granitiod
1626,Granitiod
1627,Granitiod
1628,Granitiod
1629,Granitiod
1630,Basin Fill
1631,Granitiod
1632,Granitiod
1633,Basin Fill
1634,Basin Fill
1635,Granitiod
1636,Granitiod
1637,Granitiod
1638,Granitiod
1639,Granitiod
1640,Granitiod
1641,Granitiod
1642,Granitiod
1643,Granitiod
1644,Granitiod
1645,Granitiod
1646,Granitiod
1647,Basin Fill
1648,Granitiod
1649,Granitiod
1650,Granitiod
1651,Granitiod
1652,Granitiod
1653,Granitiod
1654,Granitiod
1655,Granitiod
1656,Granitiod
1657,Granitiod
1658,Granitiod
1659,Granitiod
1660,Granitiod
1661,Granitiod
1662,Granitiod
1663,Basin Fill
1664,Granitiod
1665,Basin Fill
1666,Granitiod
1667,Granitiod
1668,Basin Fill
1669,Granitiod
1670,Basin Fill
1671,Granitiod
1672,Granitiod
1673,Granitiod
1674,Granitiod
1675,Granitiod
1676,Granitiod
1677,Granitiod
1678,Granitiod
1679,Basin Fill
1680,Granitiod
1681,Granitiod
1682,Granitiod
1683,Granitiod
1684,Granitiod
1685,Granitiod
1686,Granitiod
1687,Granitiod
1688,Granitiod
1689,Granitiod
1690,Granitiod
1691,Granitiod
1692,Granitiod
1693,Granitiod
1694,Granitiod
1695,Granitiod
1696,Granitiod
1697,Granitiod
1698,Granitiod
1699,Granitiod
1700,Granitiod
1701,Granitiod
1702,Granitiod
1703,Granitiod
1704,Basin Fill
1705,Granitiod
1706,Granitiod
1707,Granitiod
1708,Granitiod
1709,Granitiod
1710,Granitiod
1711,Granitiod
1712,Basin Fill
1713,Granitiod
1714,Granitiod
1715,Granitiod
1716,Granitiod
1717,Granitiod
1718,Basin Fill
1719,Granitiod
1720,Granitiod
1721,Granitiod
1722,Granitiod
1723,Granitiod
1724,Basin Fill
1725,Granitiod
1726,Granitiod
1727,Granitiod
1728,Basin Fill
1729,Granitiod
1730,Granitiod
1731,Granitiod
1732,Granitiod
1733,Granitiod
1734,Granitiod
1735,Granitiod
1736,Granitiod
1737,Basin Fill
1738,Granitiod
1739,Granitiod
1740,Granitiod
1741,Granitiod
1742,Granitiod
1743,Granitiod
1744,Granitiod
1745,Granitiod
1746,Granitiod
1747,Granitiod
1748,Basin Fill
1749,Basin Fill
1750,Granitiod
1751,Granitiod
1752,Granitiod
1753,Basin Fill
1754,Basin Fill
1755,Granitiod
1756,Granitiod
1757,Granitiod
1758,Granitiod
1759,Basin Fill
1760,Granitiod
1761,Granitiod
1762,Granitiod
1763,Granitiod
1764,Granitiod
1765,Granitiod
1766,Granitiod
1767,Granitiod
1768,Granitiod
1769,Granitiod
1770,Basin Fill
1771,Granitiod
1772,Granitiod
1773,Granitiod
1774,Granitiod
1775,Granitiod
1776,Granitiod
1777,Granitiod
1778,Granitiod
1779,Granitiod
1780,Basin Fill
1781,Granitiod
1782,Granitiod
1783,Granitiod
1784,Granitiod
1785,Granitiod
1786,Granitiod
1787,Basin Fill
1788,Granitiod
1789,Granitiod
1790,Granitiod
1791,Granitiod
1792,Granitiod
1793,Granitiod
1794,Granitiod
1795,Granitiod
1796,Granitiod
1797,Basin Fill
1798,Basin Fill
1799,Granitiod
1800,Granitiod
1801,Granitiod
1802,Granitiod
1803,Granitiod
1804,Granitiod
1805,Granitiod
1806,Granitiod
1807,Basin Fill
1808,Granitiod
1809,Granitiod
1810,Granitiod
1811,Granitiod
1812,Granitiod
1813,Basin Fill
1814,Granitiod
1815,Basin Fill
1816,Granitiod
1817,Granitiod
1818,Granitiod
1819,Granitiod
1820,Granitiod
1821,Granitiod
1822,Granitiod
1823,Granitiod
1824,Granitiod
1825,Granitiod
1826,Granitiod
1827,Granitiod
1828,Granitiod
1829,Granitiod
1830,Granitiod
1831,Granitiod
1832,Granitiod
1833,Granitiod
1834,Granitiod
1835,Granitiod
1836,Granitiod
1837,Granitiod
1838,Granitiod
1839,Granitiod
1840,Granitiod
1841,Granitiod
1842,Granitiod
1843,Granitiod
1844,Granitiod
1845,Basin Fill
1846,Granitiod
1847,Granitiod
1848,Granitiod
1849,Granitiod
1850,Basin Fill
1851,Basin Fill
1852,Basin Fill
1853,Basin Fill
1854,Granitiod
1855,Granitiod
1856,Granitiod
1857,Granitiod
1858,Granitiod
1859,Granitiod
1860,Granitiod
1861,Granitiod
1862,Granitiod
1863,Granitiod
1864,Granitiod
1865,Granitiod
1866,Granitiod
1867,Granitiod
1868,Granitiod
1869,Granitiod
1870,Granitiod
1871,Granitiod
1872,Granitiod
1873,Granitiod
1874,Granitiod
1875,Granitiod
1876,Granitiod
1877,Granitiod
1878,Granitiod
1879,Basin Fill
1880,Granitiod
1881,Granitiod
1882,Granitiod
1883,Granitiod
1884,Granitiod
1885,Basin Fill
1886,Granitiod
1887,Granitiod
1888,Granitiod
1889,Granitiod
1890,Granitiod
1891,Granitiod
1892,Granitiod
1893,Granitiod
1894,Granitiod
1895,Granitiod
1896,Granitiod
1897,Granitiod
1898,Basin Fill
1899,Granitiod
1900,Basin Fill
1901,Granitiod
1902,Granitiod
1903,Granitiod
1904,Granitiod
1905,Granitiod
1906,Granitiod
1907,Granitiod
1908,Basin Fill
1909,Granitiod
1910,Granitiod
1911,Granitiod
1912,Basin Fill
1913,Granitiod
1914,Granitiod
1915,Granitiod
1916,Granitiod
1917,Granitiod
1918,Granitiod
1919,Granitiod
1920,Granitiod
1921,Granitiod
1922,Granitiod
1923,Granitiod
1924,Granitiod
1925,Granitiod
1926,Granitiod
1927,Granitiod
1928,Granitiod
1929,Granitiod
1930,Granitiod
1931,Granitiod
1932,Granitiod
1933,Basin Fill
1934,Granitiod
1935,Granitiod
1936,Granitiod
1937,Basin Fill
1938,Granitiod
1939,Granitiod
1940,Basin Fill
1941,Granitiod
1942,Granitiod
1943,Basin Fill
1944,Granitiod
1945,Granitiod
1946,Granitiod
1947,Granitiod
1948,Granitiod
1949,Granitiod
1950,Granitiod
1951,Granitiod
1952,Granitiod
1953,Granitiod
1954,Granitiod
1955,Granitiod
1956,Basin Fill
1957,Granitiod
1958,Basin Fill
1959,Basin Fill
1960,Granitiod
1961,Basin Fill
1962,Granitiod
1963,Granitiod
1964,Granitiod
1965,Granitiod
1966,Granitiod
1967,Granitiod
1968,Granitiod
1969,Granitiod
1970,Basin Fill
1971,Granitiod
1972,Granitiod
1973,Granitiod
1974,Granitiod
1975,Granitiod
1976,Granitiod
1977,Granitiod
1978,Granitiod
1979,Granitiod
1980,Granitiod
1981,Granitiod
1982,Granitiod
1983,Basin Fill
1984,Granitiod
1985,Granitiod
1986,Granitiod
1987,Granitiod
1988,Granitiod
1989,Granitiod
1990,Granitiod
1991,Granitiod
1992,Granitiod
1993,Granitiod
1994,Granitiod
1995,Granitiod
1996,Granitiod
1997,Granitiod
1998,Granitiod
1999,Basin Fill
2000,Granitiod
2001,Granitiod
2002,Granitiod
2003,Basin Fill
2004,Granitiod
2005,Granitiod
2006,Granitiod
2007,Granitiod
2008,Granitiod
2009,Granitiod
2010,Granitiod
2011,Granitiod
2012,Granitiod
2013,Granitiod
2014,Granitiod
2015,Granitiod
2016,Granitiod
2017,Granitiod
2018,Basin Fill
2019,Granitiod
2020,Granitiod
2021,Granitiod
2022,Granitiod
2023,Granitiod
2024,Granitiod
2025,Granitiod
2026,Granitiod
2027,Granitiod
2028,Granitiod
2029,Granitiod
2030,Granitiod
2031,Granitiod
2032,Granitiod
2033,Granitiod
2034,Granitiod
2035,Granitiod
2036,Granitiod
2037,Granitiod
2038,Granitiod
2039,Granitiod
2040,Granitiod
2041,Granitiod
2042,Granitiod
2043,Granitiod
2044,Granitiod
2045,Basin Fill
2046,Granitiod
2047,Granitiod
2048,Granitiod
2049,Granitiod
2050,Granitiod
2051,Granitiod
2052,Basin Fill
2053,Basin Fill
2054,Granitiod
2055,Granitiod
2056,Granitiod
2057,Granitiod
2058,Basin Fill
2059,Granitiod
2060,Granitiod
2061,Basin Fill
2062,Granitiod
2063,Granitiod
2064,Granitiod
2065,Granitiod
2066,Basin Fill
2067,Basin Fill
2068,Granitiod
2069,Granitiod
2070,Granitiod
2071,Granitiod
2072,Granitiod
2073,Granitiod
2074,Granitiod
2075,Granitiod
2076,Granitiod
2077,Granitiod
2078,Granitiod
2079,Basin Fill
2080,Granitiod
2081,Granitiod
2082,Granitiod
2083,Granitiod
2084,Granitiod
2085,Granitiod
2086,Granitiod
2087,Granitiod
2088,Granitiod
2089,Granitiod
2090,Granitiod
2091,Granitiod
2092,Granitiod
2093,Granitiod
2094,Granitiod
2095,Granitiod
2096,Granitiod
2097,Granitiod
2098,Granitiod
2099,Granitiod
2100,Granitiod
2101,Granitiod
2102,Granitiod
2103,Granitiod
2104,Granitiod
2105,Basin Fill
2106,Granitiod
2107,Basin Fill
2108,Granitiod
2109,Granitiod
2110,Granitiod
2111,Granitiod
2112,Granitiod
2113,Basin Fill
2114,Granitiod
2115,Granitiod
2116,Basin Fill
2117,Granitiod
2118,Granitiod
2119,Granitiod
2120,Granitiod
2121,Granitiod
2122,Granitiod
2123,Basin Fill
2124,Granitiod
2125,Granitiod
2126,Granitiod
2127,Granitiod
2128,Granitiod
2129,Granitiod
2130,Granitiod
2131,Basin Fill
2132,Granitiod
2133,Granitiod
2134,Granitiod
2135,Granitiod
2136,Basin Fill
2137,Granitiod
2138,Basin Fill
2139,Basin Fill
2140,Granitiod
2141,Granitiod
2142,Granitiod
2143,Granitiod
2144,Granitiod
2145,Basin Fill
2146,Granitiod
2147,Granitiod
2148,Granitiod
2149,Granitiod
2150,Granitiod
2151,Granitiod
2152,Granitiod
2153,Granitiod
2154,Granitiod
2155,Granitiod
2156,Granitiod
2157,Basin Fill
2158,Granitiod
2159,Granitiod
2160,Basin Fill
2161,Granitiod
2162,Granitiod
2163,Granitiod
2164,Basin Fill
2165,Granitiod
2166,Granitiod
2167,Granitiod
2168,Granitiod
2169,Granitiod
2170,Granitiod
2171,Granitiod
2172,Granitiod
2173,Granitiod
2174,Granitiod
2175,Granitiod
2176,Granitiod
2177,Basin Fill
2178,Granitiod
2179,Basin Fill
2180,Basin Fill
2181,Granitiod
2182,Granitiod
2183,Granitiod
2184,Granitiod
2185,Granitiod
2186,Granitiod
2187,Basin Fill
2188,Granitiod
2189,Granitiod
2190,Granitiod
2191,Granitiod
2192,Granitiod
2193,Granitiod
2194,Granitiod
2195,Granitiod
2196,Granitiod
2197,Granitiod
2198,Granitiod
2199,Granitiod
2200,Granitiod
2201,Granitiod
2202,Granitiod
2203,Granitiod
2204,Granitiod
2205,Granitiod
2206,Granitiod
2207,Basin Fill
2208,Granitiod
2209,Basin Fill
2210,Granitiod
2211,Granitiod
2212,Granitiod
2213,Granitiod
2214,Granitiod
2215,Granitiod
2216,Granitiod
2217,Granitiod
2218,Basin Fill
2219,Granitiod
2220,Basin Fill
2221,Granitiod
2222,Granitiod
2223,Basin Fill
2224,Granitiod
2225,Granitiod
2226,Granitiod
2227,Granitiod
2228,Granitiod
2229,Granitiod
2230,Granitiod
2231,Granitiod
2232,Granitiod
2233,Granitiod
2234,Granitiod
2235,Granitiod
2236,Granitiod
2237,Granitiod
2238,Granitiod
2239,Granitiod
2240,Basin Fill
2241,Granitiod
2242,Granitiod
2243,Basin Fill
2244,Granitiod
2245,Granitiod
2246,Basin Fill
2247,Granitiod
2248,Granitiod
2249,Granitiod
2250,Granitiod
2251,Granitiod
2252,Granitiod
2253,Granitiod
2254,Granitiod
2255,Granitiod
2256,Granitiod
2257,Granitiod
2258,Granitiod
2259,Granitiod
2260,Granitiod
2261,Granitiod
2262,Granitiod
2263,Granitiod
2264,Granitiod
2265,Granitiod
2266,Basin Fill
2267,Granitiod
2268,Granitiod
2269,Granitiod
2270,Granitiod
2271,Granitiod
2272,Granitiod
2273,Granitiod
2274,Granitiod
2275,Granitiod
2276,Granitiod
2277,Granitiod
2278,Granitiod
2279,Granitiod
2280,Granitiod
2281,Granitiod
2282,Granitiod
2283,Basin Fill
2284,Granitiod
2285,Granitiod
2286,Granitiod
2287,Granitiod
2288,Basin Fill
2289,Granitiod
2290,Granitiod
2291,Granitiod
2292,Granitiod
2293,Basin Fill
2294,Basin Fill
2295,Granitiod
2296,Granitiod
2297,Granitiod
2298,Granitiod
2299,Granitiod
2300,Granitiod
2301,Granitiod
2302,Granitiod
2303,Granitiod
2304,Granitiod
2305,Granitiod
2306,Granitiod
2307,Granitiod
2308,Granitiod
2309,Basin Fill
2310,Granitiod
2311,Granitiod
2312,Granitiod
2313,Granitiod
2314,Granitiod
2315,Granitiod
2316,Granitiod
2317,Granitiod
2318,Granitiod
2319,Granitiod
2320,Granitiod
2321,Granitiod
2322,Granitiod
2323,Granitiod
2324,Granitiod
2325,Granitiod
2326,Granitiod
2327,Granitiod
2328,Granitiod
2329,Granitiod
2330,Granitiod
2331,Granitiod
2332,Basin Fill
2333,Granitiod
2334,Basin Fill
2335,Granitiod
2336,Granitiod
2337,Granitiod
2338,Granitiod
2339,Granitiod
2340,Granitiod
2341,Basin Fill
2342,Granitiod
2343,Granitiod
2344,Basin Fill
2345,Granitiod
2346,Granitiod
2347,Granitiod
2348,Granitiod
2349,Granitiod
2350,Granitiod
2351,Granitiod
2352,Granitiod
2353,Granitiod
2354,Granitiod
2355,Granitiod
2356,Granitiod
2357,Granitiod
2358,Granitiod
2359,Granitiod
2360,Granitiod
2361,Granitiod
2362,Granitiod
2363,Basin Fill
2364,Granitiod
2365,Granitiod
2366,Granitiod
2367,Basin Fill
2368,Granitiod
2369,Basin Fill
2370,Granitiod
2371,Granitiod
2372,Granitiod
2373,Granitiod
2374,Granitiod
2375,Basin Fill
2376,Basin Fill
2377,Granitiod
2378,Granitiod
2379,Granitiod
2380,Granitiod
2381,Granitiod
2382,Granitiod
2383,Basin Fill
2384,Granitiod
2385,Granitiod
2386,Basin Fill
2387,Granitiod
2388,Granitiod
2389,Granitiod
2390,Granitiod
2391,Granitiod
2392,Basin Fill
2393,Granitiod
2394,Granitiod
2395,Granitiod
2396,Granitiod
2397,Basin Fill
2398,Granitiod
2399,Granitiod
2400,Basin Fill
2401,Basin Fill
2402,Granitiod
2403,Granitiod
2404,Granitiod
2405,Granitiod
2406,Granitiod
2407,Basin Fill
2408,Granitiod
2409,Granitiod
2410,Granitiod
2411,Basin Fill
2412,Granitiod
2413,Granitiod
2414,Basin Fill
2415,Granitiod
2416,Granitiod
2417,Granitiod
2418,Granitiod
2419,Basin Fill
2420,Granitiod
2421,Granitiod
2422,Granitiod
2423,Granitiod
2424,Granitiod
2425,Granitiod
2426,Basin Fill
2427,Basin Fill
2428,Granitiod
2429,Granitiod
2430,Granitiod
2431,Granitiod
2432,Granitiod
2433,Granitiod
2434,Granitiod
2435,Granitiod
2436,Granitiod
2437,Granitiod
2438,Granitiod
2439,Granitiod
2440,Basin Fill
2441,Basin Fill
2442,Granitiod
2443,Granitiod
2444,Granitiod
2445,Granitiod
2446,Granitiod
2447,Granitiod
2448,Basin Fill
2449,Basin Fill
2450,Granitiod
2451,Granitiod
2452,Granitiod
2453,Granitiod
2454,Granitiod
2455,Granitiod
2456,Granitiod
2457,Granitiod
2458,Granitiod
2459,Granitiod
2460,Granitiod
2461,Granitiod
2462,Granitiod
2463,Granitiod
2464,Granitiod
2465,Granitiod
2466,Granitiod
2467,Granitiod
2468,Granitiod
2469,Granitiod
2470,Granitiod
2471,Granitiod
2472,Granitiod
2473,Granitiod
2474,Granitiod
2475,Granitiod
2476,Basin Fill
2477,Granitiod
2478,Granitiod
2479,Granitiod
2480,Granitiod
2481,Granitiod
2482,Granitiod
2483,Granitiod
2484,Granitiod
2485,Granitiod
2486,Granitiod
2487,Granitiod
2488,Granitiod
2489,Granitiod
2490,Granitiod
2491,Granitiod
2492,Granitiod
2493,Basin Fill
2494,Granitiod
2495,Granitiod
2496,Granitiod
2497,Granitiod
2498,Granitiod
2499,Granitiod
2500,Granitiod
2501,Granitiod
2502,Granitiod
2503,Granitiod
2504,Granitiod
2505,Granitiod
2506,Granitiod
2507,Granitiod
2508,Granitiod
2509,Granitiod
2510,Granitiod
2511,Granitiod
2512,Granitiod
2513,Granitiod
2514,Granitiod
2515,Granitiod
2516,Granitiod
2517,Granitiod
2518,Granitiod
2519,Granitiod
2520,Granitiod
2521,Granitiod
2522,Granitiod
2523,Granitiod
2524,Granitiod
2525,Granitiod
2526,Granitiod
2527,Granitiod
2528,Basin Fill
2529,Granitiod
2530,Granitiod
2531,Granitiod
2532,Granitiod
2533,Granitiod
2534,Granitiod
2535,Granitiod
2536,Granitiod
2537,Granitiod
2538,Granitiod
2539,Granitiod
2540,Granitiod
2541,Granitiod
2542,Granitiod
2543,Basin Fill
2544,Granitiod
2545,Granitiod
2546,Granitiod
2547,Granitiod
2548,Granitiod
2549,Granitiod
2550,Basin Fill
2551,Granitiod
2552,Granitiod
2553,Granitiod
2554,Granitiod
2555,Granitiod
2556,Granitiod
2557,Basin Fill
2558,Granitiod
2559,Granitiod
2560,Granitiod
2561,Granitiod
2562,Granitiod
2563,Basin Fill
2564,Granitiod
2565,Granitiod
2566,Granitiod
2567,Basin Fill
2568,Granitiod
2569,Granitiod
2570,Granitiod
2571,Granitiod
2572,Granitiod
2573,Granitiod
2574,Basin Fill
2575,Basin Fill
2576,Granitiod
2577,Granitiod
2578,Granitiod
2579,Granitiod
2580,Granitiod
2581,Granitiod
2582,Granitiod
2583,Granitiod
2584,Basin Fill
2585,Granitiod
2586,Basin Fill
2587,Granitiod
2588,Granitiod
2589,Granitiod
2590,Granitiod
2591,Granitiod
2592,Granitiod
2593,Basin Fill
2594,Granitiod
2595,Granitiod
2596,Granitiod
2597,Granitiod
2598,Granitiod
2599,Granitiod
2600,Granitiod
2601,Granitiod
2602,Granitiod
2603,Basin Fill
2604,Granitiod
2605,Granitiod
2606,Granitiod
2607,Granitiod
2608,Granitiod
2609,Basin Fill
2610,Granitiod
2611,Granitiod
2612,Granitiod
2613,Granitiod
2614,Granitiod
2615,Granitiod
2616,Granitiod
2617,Basin Fill
2618,Granitiod
2619,Basin Fill
2620,Granitiod
2621,Granitiod
2622,Basin Fill
2623,Granitiod
2624,Granitiod
2625,Basin Fill
2626,Granitiod
2627,Granitiod
2628,Granitiod
2629,Granitiod
2630,Granitiod
2631,Granitiod
2632,Granitiod
2633,Granitiod
2634,Granitiod
2635,Granitiod
2636,Granitiod
2637,Granitiod
2638,Granitiod
2639,Granitiod
2640,Granitiod
2641,Granitiod
2642,Granitiod
2643,Basin Fill
2644,Granitiod
2645,Granitiod
2646,Granitiod
2647,Granitiod
2648,Granitiod
2649,Granitiod
2650,Granitiod
2651,Granitiod
2652,Granitiod
2653,Granitiod
2654,Granitiod
2655,Granitiod
2656,Granitiod
2657,Granitiod
2658,Granitiod
2659,Granitiod
2660,Basin Fill
2661,Basin Fill
2662,Granitiod
2663,Granitiod
2664,Granitiod
2665,Granitiod
2666,Granitiod
2667,Granitiod
2668,Granitiod
2669,Granitiod
2670,Basin Fill
2671,Granitiod
2672,Granitiod
2673,Granitiod
2674,Basin Fill
2675,Granitiod
2676,Granitiod
2677,Granitiod
2678,Granitiod
2679,Granitiod
2680,Granitiod
2681,Granitiod
2682,Granitiod
2683,Granitiod
2684,Granitiod
2685,Granitiod
2686,Granitiod
2687,Basin Fill
2688,Basin Fill
2689,Granitiod
2690,Granitiod
2691,Basin Fill
2692,Granitiod
2693,Granitiod
2694,Granitiod
2695,Granitiod
2696,Granitiod
2697,Granitiod
2698,Granitiod
2699,Granitiod
2700,Granitiod
2701,Granitiod
2702,Granitiod
2703,Basin Fill
2704,Granitiod
2705,Granitiod
2706,Granitiod
2707,Granitiod
2708,Granitiod
2709,Granitiod
2710,Granitiod
2711,Granitiod
2712,Granitiod
2713,Granitiod
2714,Granitiod
2715,Granitiod
2716,Granitiod
2717,Granitiod
2718,Granitiod
2719,Granitiod
2720,Granitiod
2721,Granitiod
2722,Granitiod
2723,Granitiod
2724,Granitiod
2725,Granitiod
2726,Granitiod
2727,Granitiod
2728,Granitiod
2729,Granitiod
2730,Granitiod
2731,Granitiod
2732,Granitiod
2733,Granitiod
2734,Granitiod
2735,Granitiod
2736,Granitiod
2737,Granitiod
2738,Granitiod
2739,Granitiod
2740,Granitiod
2741,Granitiod
2742,Granitiod
2743,Granitiod
2744,Granitiod
2745,Granitiod
2746,Granitiod
2747,Granitiod
2748,Granitiod
2749,Granitiod
2750,Granitiod
2751,Granitiod
2752,Granitiod
2753,Granitiod
2754,Granitiod
2755,Granitiod
2756,Granitiod
2757,Granitiod
2758,Granitiod
2759,Granitiod
2760,Granitiod
2761,Granitiod
2762,Granitiod
2763,Granitiod
2764,Granitiod
2765,Granitiod
2766,Granitiod
2767,Granitiod
2768,Granitiod
2769,Granitiod
2770,Granitiod
2771,Granitiod
2772,Granitiod
2773,Granitiod
2774,Basin Fill
2775,Granitiod
2776,Granitiod
2777,Granitiod
2778,Granitiod
2779,Granitiod
2780,Granitiod
2781,Granitiod
2782,Granitiod
2783,Granitiod
2784,Granitiod
2785,Granitiod
2786,Granitiod
2787,Granitiod
2788,Basin Fill
2789,Basin Fill
2790,Granitiod
2791,Basin Fill
2792,Granitiod
2793,Granitiod
2794,Granitiod
2795,Basin Fill
2796,Granitiod
2797,Granitiod
2798,Granitiod
2799,Basin Fill
2800,Granitiod
2801,Granitiod
2802,Granitiod
2803,Granitiod
2804,Granitiod
2805,Granitiod
2806,Granitiod
2807,Granitiod
2808,Granitiod
2809,Granitiod
2810,Granitiod
2811,Granitiod
2812,Granitiod
2813,Granitiod
2814,Granitiod
2815,Granitiod
2816,Granitiod
2817,Granitiod
2818,Granitiod
2819,Granitiod
2820,Granitiod
2821,Granitiod
2822,Granitiod
2823,Granitiod
2824,Granitiod
2825,Basin Fill
2826,Granitiod
2827,Granitiod
2828,Granitiod
2829,Granitiod
2830,Basin Fill
2831,Granitiod
2832,Granitiod
2833,Granitiod
2834,Granitiod
2835,Granitiod
2836,Granitiod
2837,Granitiod
2838,Granitiod
2839,Granitiod
2840,Granitiod
2841,Granitiod
2842,Granitiod
2843,Granitiod
2844,Granitiod
2845,Granitiod
2846,Granitiod
2847,Granitiod
2848,Granitiod
2849,Basin Fill
2850,Granitiod
2851,Granitiod
2852,Granitiod
2853,Basin Fill
2854,Granitiod
2855,Granitiod
2856,Granitiod
2857,Granitiod
2858,Granitiod
2859,Granitiod
2860,Granitiod
2861,Granitiod
2862,Granitiod
2863,Granitiod
2864,Granitiod
2865,Granitiod
2866,Granitiod
2867,Granitiod
2868,Granitiod
2869,Basin Fill
2870,Granitiod
2871,Granitiod
2872,Granitiod
2873,Granitiod
2874,Granitiod
2875,Granitiod
2876,Granitiod
2877,Granitiod
2878,Granitiod
2879,Granitiod
2880,Granitiod
2881,Basin Fill
2882,Granitiod
2883,Granitiod
2884,Granitiod
2885,Granitiod
2886,Basin Fill
2887,Basin Fill
2888,Basin Fill
2889,Granitiod
2890,Granitiod
2891,Granitiod
2892,Basin Fill
2893,Granitiod
2894,Granitiod
2895,Granitiod
2896,Basin Fill
2897,Granitiod
2898,Granitiod
2899,Basin Fill
2900,Granitiod
2901,Granitiod
2902,Basin Fill
2903,Basin Fill
2904,Granitiod
2905,Granitiod
2906,Granitiod
2907,Basin Fill
2908,Granitiod
2909,Granitiod
2910,Granitiod
2911,Granitiod
2912,Granitiod
2913,Basin Fill
2914,Granitiod
2915,Granitiod
2916,Granitiod
2917,Granitiod
2918,Granitiod
2919,Granitiod
2920,Granitiod
2921,Granitiod
2922,Granitiod
2923,Granitiod
2924,Granitiod
2925,Granitiod
2926,Granitiod
2927,Granitiod
2928,Granitiod
2929,Basin Fill
2930,Granitiod
2931,Granitiod
2932,Basin Fill
2933,Granitiod
2934,Granitiod
2935,Granitiod
2936,Granitiod
2937,Granitiod
2938,Granitiod
2939,Granitiod
2940,Granitiod
2941,Granitiod
2942,Granitiod
2943,Granitiod
2944,Granitiod
2945,Granitiod
2946,Basin Fill
2947,Granitiod
2948,Granitiod
2949,Granitiod
2950,Granitiod
2951,Granitiod
2952,Granitiod
2953,Granitiod
2954,Basin Fill
2955,Granitiod
2956,Granitiod
2957,Granitiod
2958,Granitiod
2959,Granitiod
2960,Basin Fill
2961,Granitiod
2962,Granitiod
2963,Basin Fill
2964,Granitiod
2965,Granitiod
2966,Granitiod
2967,Granitiod
2968,Granitiod
2969,Granitiod
2970,Granitiod
2971,Granitiod
2972,Granitiod
2973,Granitiod
2974,Granitiod
2975,Granitiod
2976,Granitiod
2977,Granitiod
2978,Basin Fill
2979,Granitiod
2980,Granitiod
2981,Granitiod
2982,Granitiod
2983,Granitiod
2984,Granitiod
2985,Basin Fill
2986,Basin Fill
2987,Granitiod
2988,Granitiod
2989,Granitiod
2990,Granitiod
2991,Granitiod
2992,Basin Fill
2993,Granitiod
2994,Granitiod
2995,Granitiod
2996,Granitiod
2997,Granitiod
2998,Granitiod
2999,Granitiod
3000,Granitiod
3001,Basin Fill
3002,Granitiod
3003,Granitiod
3004,Granitiod
3005,Granitiod
3006,Granitiod
3007,Basin Fill
3008,Granitiod
3009,Granitiod
3010,Granitiod
3011,Granitiod
3012,Granitiod
3013,Basin Fill
3014,Granitiod
3015,Granitiod
3016,Basin Fill
3017,Granitiod
3018,Granitiod
3019,Granitiod
3020,Granitiod
3021,Granitiod
3022,Granitiod
3023,Granitiod
3024,Basin Fill
3025,Granitiod
3026,Granitiod
3027,Granitiod
3028,Granitiod
3029,Granitiod
3030,Granitiod
3031,Granitiod
3032,Granitiod
3033,Granitiod
3034,Granitiod
3035,Granitiod
3036,Granitiod
3037,Granitiod
3038,Granitiod
3039,Granitiod
3040,Granitiod
3041,Basin Fill
3042,Granitiod
3043,Granitiod
3044,Granitiod
3045,Granitiod
3046,Granitiod
3047,Granitiod
3048,Granitiod
3049,Granitiod
3050,Granitiod
3051,Granitiod
3052,Granitiod
3053,Granitiod
3054,Granitiod
3055,Granitiod
3056,Granitiod
3057,Granitiod
3058,Granitiod
3059,Granitiod
3060,Granitiod
3061,Basin Fill
3062,Granitiod
3063,Granitiod
3064,Granitiod
3065,Granitiod
3066,Granitiod
3067,Granitiod
3068,Granitiod
3069,Granitiod
3070,Granitiod
3071,Granitiod
3072,Granitiod
3073,Granitiod
3074,Basin Fill
3075,Granitiod
3076,Granitiod
3077,Basin Fill
3078,Granitiod
3079,Granitiod
3080,Granitiod
3081,Granitiod
3082,Basin Fill
3083,Granitiod
3084,Granitiod
3085,Granitiod
3086,Granitiod
3087,Granitiod
3088,Granitiod
3089,Granitiod
3090,Granitiod
3091,Granitiod
3092,Granitiod
3093,Granitiod
3094,Granitiod
3095,Granitiod
3096,Granitiod
3097,Granitiod
3098,Granitiod
3099,Granitiod
3100,Granitiod
3101,Granitiod
3102,Granitiod
3103,Granitiod
3104,Basin Fill
3105,Granitiod
3106,Granitiod
3107,Granitiod
3108,Granitiod
3109,Granitiod
3110,Granitiod
3111,Granitiod
3112,Granitiod
3113,Granitiod
3114,Granitiod
3115,Basin Fill
3116,Granitiod
3117,Granitiod
3118,Granitiod
3119,Basin Fill
3120,Granitiod
3121,Granitiod
3122,Basin Fill
3123,Granitiod
3124,Granitiod
3125,Granitiod
3126,Granitiod
3127,Granitiod
3128,Granitiod
3129,Granitiod
3130,Granitiod
3131,Granitiod
3132,Granitiod
3133,Granitiod
3134,Granitiod
3135,Granitiod
3136,Granitiod
3137,Granitiod
3138,Granitiod
3139,Granitiod
3140,Granitiod
3141,Granitiod
3142,Granitiod
3143,Granitiod
3144,Granitiod
3145,Granitiod
3146,Granitiod
3147,Granitiod
3148,Basin Fill
3149,Granitiod
3150,Granitiod
3151,Granitiod
3152,Granitiod
3153,Granitiod
3154,Granitiod
3155,Granitiod
3156,Granitiod
3157,Basin Fill
3158,Granitiod
3159,Granitiod
3160,Granitiod
3161,Basin Fill
3162,Granitiod
3163,Granitiod
3164,Granitiod
3165,Basin Fill
3166,Granitiod
3167,Granitiod
3168,Basin Fill
3169,Basin Fill
3170,Granitiod
3171,Granitiod
3172,Granitiod
3173,Granitiod
3174,Granitiod
3175,Granitiod
3176,Granitiod
3177,Granitiod
3178,Granitiod
3179,Granitiod
3180,Granitiod
3181,Granitiod
3182,Granitiod
3183,Granitiod
3184,Granitiod
3185,Granitiod
3186,Granitiod
3187,Granitiod
3188,Granitiod
3189,Granitiod
3190,Granitiod
3191,Granitiod
3192,Granitiod
3193,Granitiod
3194,Granitiod
3195,Basin Fill
3196,Granitiod
3197,Granitiod
3198,Granitiod
3199,Granitiod
3200,Granitiod
3201,Granitiod
3202,Granitiod
3203,Basin Fill
3204,Granitiod
3205,Granitiod
3206,Granitiod
3207,Granitiod
3208,Granitiod
3209,Granitiod
3210,Granitiod
3211,Granitiod
3212,Basin Fill
3213,Granitiod
3214,Granitiod
3215,Granitiod
3216,Granitiod
3217,Basin Fill
3218,Granitiod
3219,Granitiod
3220,Granitiod
3221,Basin Fill
3222,Granitiod
3223,Granitiod
3224,Granitiod
3225,Granitiod
3226,Granitiod
3227,Granitiod
3228,Granitiod
3229,Granitiod
3230,Granitiod
3231,Granitiod
3232,Granitiod
3233,Granitiod
3234,Granitiod
3235,Granitiod
3236,Granitiod
3237,Granitiod
3238,Granitiod
3239,Basin Fill
3240,Granitiod
3241,Granitiod
3242,Granitiod
3243,Granitiod
3244,Granitiod
3245,Granitiod
3246,Granitiod
3247,Granitiod
3248,Granitiod
3249,Granitiod
3250,Basin Fill
3251,Granitiod
3252,Granitiod
3253,Granitiod
3254,Granitiod
3255,Granitiod
3256,Granitiod
3257,Granitiod
3258,Granitiod
3259,Granitiod
3260,Granitiod
3261,Granitiod
3262,Granitiod
3263,Granitiod
3264,Granitiod
3265,Granitiod
3266,Granitiod
3267,Granitiod
3268,Granitiod
3269,Granitiod
3270,Granitiod
3271,Granitiod
3272,Granitiod
3273,Granitiod
3274,Basin Fill
3275,Granitiod
3276,Granitiod
3277,Granitiod
3278,Granitiod
3279,Basin Fill
3280,Granitiod
3281,Granitiod
3282,Granitiod
3283,Granitiod
3284,Granitiod
3285,Granitiod
3286,Granitiod
3287,Granitiod
3288,Granitiod
3289,Granitiod
3290,Granitiod
3291,Granitiod
3292,Granitiod
3293,Granitiod
3294,Granitiod
3295,Granitiod
3296,Granitiod
3297,Granitiod
3298,Granitiod
3299,Basin Fill
3300,Basin Fill
3301,Granitiod
3302,Granitiod
3303,Granitiod
3304,Basin Fill
3305,Granitiod
3306,Granitiod
3307,Granitiod
3308,Granitiod
3309,Granitiod
3310,Granitiod
3311,Granitiod
3312,Granitiod
3313,Granitiod
3314,Granitiod
3315,Basin Fill
3316,Granitiod
3317,Granitiod
3318,Granitiod
3319,Granitiod
3320,Granitiod
3321,Granitiod
3322,Basin Fill
3323,Granitiod
3324,Granitiod
3325,Granitiod
3326,Granitiod
3327,Granitiod
3328,Granitiod
3329,Granitiod
3330,Granitiod
3331,Granitiod
3332,Granitiod
3333,Granitiod
3334,Granitiod
3335,Granitiod
3336,Granitiod
3337,Granitiod
3338,Granitiod
3339,Granitiod
3340,Granitiod
3341,Granitiod
3342,Granitiod
3343,Granitiod
3344,Granitiod
3345,Granitiod
3346,Granitiod
3347,Granitiod
3348,Granitiod
3349,Basin Fill
3350,Granitiod
3351,Granitiod
3352,Granitiod
3353,Granitiod
3354,Granitiod
3355,Granitiod
3356,Basin Fill
3357,Granitiod
3358,Granitiod
3359,Granitiod
3360,Granitiod
3361,Granitiod
3362,Basin Fill
3363,Granitiod
3364,Granitiod
3365,Granitiod
3366,Granitiod
3367,Granitiod
3368,Granitiod
3369,Granitiod
3370,Granitiod
3371,Granitiod
3372,Granitiod
3373,Granitiod
3374,Basin Fill
3375,Granitiod
3376,Granitiod
3377,Granitiod
3378,Granitiod
